<?xml version="1.0"?>
<Runs Version="1" Minor="0">
	<Run Id="design_1_zynq_ultra_ps_e_0_0_synth_1" LaunchDir="E:/vivado_prjs/u96_prjs/or_gate/or_gate.runs/design_1_zynq_ultra_ps_e_0_0_synth_1" FlowId="Vivado_Synthesis" FromStepId="vivado" ToStepId="vivado"/>
	<Run Id="design_1_vio_0_0_synth_1" LaunchDir="E:/vivado_prjs/u96_prjs/or_gate/or_gate.runs/design_1_vio_0_0_synth_1" FlowId="Vivado_Synthesis" FromStepId="vivado" ToStepId="vivado"/>
	<Run Id="design_1_orGate_0_0_synth_1" LaunchDir="E:/vivado_prjs/u96_prjs/or_gate/or_gate.runs/design_1_orGate_0_0_synth_1" FlowId="Vivado_Synthesis" FromStepId="vivado" ToStepId="vivado"/>
	<Run Id="synth_1" LaunchDir="E:/vivado_prjs/u96_prjs/or_gate/or_gate.runs/synth_1" FlowId="Vivado_Synthesis" FromStepId="vivado" ToStepId="vivado">
		<Parent Id="design_1_zynq_ultra_ps_e_0_0_synth_1"/>
		<Parent Id="design_1_vio_0_0_synth_1"/>
		<Parent Id="design_1_orGate_0_0_synth_1"/>
	</Run>
	<Parameters>
		<Parameter Name="runs.monitorLSFJobs" Val="true" Type="bool"/>
	</Parameters>
</Runs>

